Century,Word Diversity,Number of Words,Average Word Length,Number of Adjectives,Number of Adpositions,Number of Adverbs,Number of Conjunctions,Number of Determiners,Number of Nouns,Number of Numerals,Number of Particles,Number of Pronouns,Number of Verbs
17,0.5244474212993971,1493,4.695914266577361,0.12726054922973878,0.12592096450100468,0.05760214333556597,0.044876088412592094,0.10984594775619558,0.29336905559276627,0.0,0.02344273275284662,0.072337575351641,0.14400535833891492,
17,0.45524899057873486,2972,4.725100942126514,0.11709286675639301,0.1059892328398385,0.04676985195154778,0.05484522207267833,0.12213997308209959,0.3186406460296097,0.0016823687752355316,0.0211978465679677,0.04576043068640646,0.16588156123822342,
17,0.6532663316582915,199,3.763819095477387,0.12060301507537688,0.09045226130653267,0.09045226130653267,0.01507537688442211,0.08040201005025126,0.2914572864321608,0.0,0.020100502512562814,0.12060301507537688,0.1658291457286432,
17,0.5483870967741935,93,3.2580645161290325,0.03225806451612903,0.0967741935483871,0.010752688172043012,0.06451612903225806,0.13978494623655913,0.3010752688172043,0.0,0.0,0.10752688172043011,0.24731182795698925,
17,0.7904761904761904,105,4.3238095238095235,0.11428571428571428,0.08571428571428572,0.0761904761904762,0.05714285714285714,0.09523809523809523,0.2571428571428571,0.0,0.02857142857142857,0.05714285714285714,0.22857142857142856,
17,0.6511627906976745,86,3.9186046511627906,0.046511627906976744,0.18604651162790697,0.03488372093023256,0.03488372093023256,0.1744186046511628,0.2558139534883721,0.0,0.0,0.09302325581395349,0.1744186046511628,
17,0.6517241379310345,290,4.517241379310345,0.12413793103448276,0.10344827586206896,0.06896551724137931,0.05862068965517241,0.09310344827586207,0.30689655172413793,0.0034482758620689655,0.017241379310344827,0.07241379310344828,0.15172413793103448,
17,0.8653846153846154,52,4.403846153846154,0.09615384615384616,0.11538461538461539,0.07692307692307693,0.057692307692307696,0.038461538461538464,0.3076923076923077,0.0,0.0,0.15384615384615385,0.15384615384615385,
17,0.5185185185185185,216,4.574074074074074,0.12037037037037036,0.05555555555555555,0.0787037037037037,0.041666666666666664,0.12037037037037036,0.3425925925925926,0.0,0.037037037037037035,0.023148148148148147,0.18055555555555555,
17,0.6170212765957447,47,3.8085106382978724,0.10638297872340426,0.10638297872340426,0.0851063829787234,0.10638297872340426,0.10638297872340426,0.2978723404255319,0.0,0.02127659574468085,0.0425531914893617,0.1276595744680851,
16,0.6977777777777778,225,4.24,0.07111111111111111,0.06666666666666667,0.057777777777777775,0.07555555555555556,0.13333333333333333,0.27555555555555555,0.008888888888888889,0.022222222222222223,0.10666666666666667,0.18222222222222223,
16,0.6531440162271805,493,4.359026369168357,0.07302231237322515,0.09330628803245436,0.06896551724137931,0.07099391480730223,0.08924949290060852,0.26369168356997974,0.006085192697768763,0.028397565922920892,0.10344827586206896,0.20081135902636918,
16,0.75177304964539,141,4.546099290780142,0.1347517730496454,0.09929078014184398,0.02127659574468085,0.06382978723404255,0.12056737588652482,0.2978723404255319,0.0,0.03546099290780142,0.06382978723404255,0.16312056737588654,
16,0.8648648648648649,74,4.3108108108108105,0.0945945945945946,0.10810810810810811,0.08108108108108109,0.013513513513513514,0.06756756756756757,0.25675675675675674,0.013513513513513514,0.02702702702702703,0.13513513513513514,0.20270270270270271,
16,0.6776859504132231,242,4.214876033057851,0.12396694214876033,0.06198347107438017,0.0743801652892562,0.08264462809917356,0.10330578512396695,0.22727272727272727,0.008264462809917356,0.028925619834710745,0.10743801652892562,0.18181818181818182,
16,0.6633663366336634,303,4.382838283828383,0.07920792079207921,0.07920792079207921,0.09570957095709572,0.033003300330033,0.11221122112211221,0.25742574257425743,0.0033003300330033004,0.0297029702970297,0.10231023102310231,0.2079207920792079,
16,0.8365384615384616,104,4.538461538461538,0.125,0.10576923076923077,0.057692307692307696,0.009615384615384616,0.1346153846153846,0.33653846153846156,0.0,0.028846153846153848,0.038461538461538464,0.16346153846153846,
16,0.6,525,4.253333333333333,0.12,0.10095238095238095,0.06666666666666667,0.049523809523809526,0.10666666666666667,0.24571428571428572,0.0,0.022857142857142857,0.09333333333333334,0.19428571428571428,
16,0.8681318681318682,91,4.274725274725275,0.10989010989010989,0.06593406593406594,0.08791208791208792,0.03296703296703297,0.08791208791208792,0.27472527472527475,0.0,0.0,0.10989010989010989,0.23076923076923078,
16,0.7044334975369458,203,3.8916256157635467,0.08374384236453201,0.11330049261083744,0.054187192118226604,0.059113300492610835,0.12807881773399016,0.27586206896551724,0.0,0.04926108374384237,0.07881773399014778,0.15763546798029557,
16,0.7457627118644068,118,4.186440677966102,0.11016949152542373,0.07627118644067797,0.1271186440677966,0.059322033898305086,0.1271186440677966,0.19491525423728814,0.00847457627118644,0.01694915254237288,0.059322033898305086,0.22033898305084745,
16,0.734006734006734,297,4.437710437710438,0.09427609427609428,0.1111111111111111,0.04377104377104377,0.07407407407407407,0.07744107744107744,0.2760942760942761,0.003367003367003367,0.020202020202020204,0.06397306397306397,0.2356902356902357,
16,0.6021505376344086,465,4.352688172043011,0.09462365591397849,0.08602150537634409,0.07311827956989247,0.060215053763440864,0.13333333333333333,0.2537634408602151,0.0064516129032258064,0.021505376344086023,0.09032258064516129,0.18064516129032257,
16,0.5815789473684211,380,4.244736842105263,0.14473684210526316,0.10526315789473684,0.042105263157894736,0.03684210526315789,0.07631578947368421,0.3131578947368421,0.005263157894736842,0.02368421052631579,0.034210526315789476,0.21842105263157896,
16,0.550185873605948,538,4.54089219330855,0.09665427509293681,0.1171003717472119,0.02973977695167286,0.03531598513011153,0.07992565055762081,0.29739776951672864,0.0018587360594795538,0.020446096654275093,0.14869888475836432,0.17100371747211895,
16,0.6655052264808362,287,4.501742160278746,0.08710801393728224,0.08710801393728224,0.04878048780487805,0.041811846689895474,0.08710801393728224,0.26480836236933797,0.0,0.017421602787456445,0.13937282229965156,0.2264808362369338,
16,0.58,750,4.309333333333333,0.12,0.10266666666666667,0.072,0.04533333333333334,0.09866666666666667,0.29733333333333334,0.0026666666666666666,0.030666666666666665,0.08133333333333333,0.148,
16,0.6741214057507987,313,4.389776357827476,0.10862619808306709,0.11501597444089456,0.03514376996805112,0.06389776357827476,0.10862619808306709,0.3003194888178914,0.0,0.025559105431309903,0.04792332268370607,0.19488817891373802,
16,0.629695885509839,559,4.47227191413238,0.08050089445438283,0.09302325581395349,0.06618962432915922,0.08228980322003578,0.09660107334525939,0.2701252236135957,0.0,0.028622540250447227,0.059033989266547404,0.22361359570661896,
16,0.6985294117647058,136,3.9338235294117645,0.0661764705882353,0.11029411764705882,0.0661764705882353,0.08823529411764706,0.1323529411764706,0.22794117647058823,0.0,0.014705882352941176,0.10294117647058823,0.19117647058823528,
16,0.6575342465753424,219,4.041095890410959,0.0867579908675799,0.1232876712328767,0.0821917808219178,0.0410958904109589,0.1187214611872146,0.2785388127853881,0.0,0.0273972602739726,0.0547945205479452,0.1872146118721461,
16,0.5377176015473888,517,4.373307543520309,0.06963249516441006,0.09864603481624758,0.059961315280464215,0.0735009671179884,0.12959381044487428,0.2862669245647969,0.0,0.02321083172147002,0.0735009671179884,0.18568665377176016,
16,0.6678082191780822,292,4.078767123287672,0.11301369863013698,0.08561643835616438,0.0547945205479452,0.06506849315068493,0.07534246575342465,0.2636986301369863,0.0,0.0410958904109589,0.06164383561643835,0.2363013698630137,
16,0.6506410256410257,312,4.330128205128205,0.08653846153846154,0.09294871794871795,0.09294871794871795,0.0673076923076923,0.07371794871794872,0.24358974358974358,0.009615384615384616,0.02564102564102564,0.13782051282051283,0.16987179487179488,
16,0.7924528301886793,53,4.018867924528302,0.07547169811320754,0.09433962264150944,0.03773584905660377,0.07547169811320754,0.11320754716981132,0.24528301886792453,0.0,0.07547169811320754,0.07547169811320754,0.20754716981132076,
16,0.6180904522613065,398,4.3291457286432165,0.10301507537688442,0.11306532663316583,0.052763819095477386,0.032663316582914576,0.10552763819095477,0.2537688442211055,0.0,0.01256281407035176,0.11557788944723618,0.20854271356783918,
16,0.7636363636363637,110,4.836363636363636,0.11818181818181818,0.09090909090909091,0.07272727272727272,0.05454545454545454,0.11818181818181818,0.2636363636363636,0.0,0.00909090909090909,0.045454545454545456,0.22727272727272727,
16,0.7575757575757576,99,4.03030303030303,0.08080808080808081,0.15151515151515152,0.06060606060606061,0.08080808080808081,0.08080808080808081,0.2828282828282828,0.0,0.0,0.08080808080808081,0.18181818181818182,
16,0.5802919708029197,822,4.458637469586375,0.08637469586374696,0.1070559610705596,0.06934306569343066,0.0535279805352798,0.1070559610705596,0.2688564476885645,0.0024330900243309003,0.031630170316301706,0.08880778588807786,0.18491484184914841,
16,0.4844124700239808,2085,4.658513189448441,0.1170263788968825,0.09256594724220624,0.06618705035971223,0.05947242206235012,0.10119904076738609,0.2671462829736211,0.002398081534772182,0.02446043165467626,0.08920863309352518,0.1803357314148681,
16,0.6353166986564299,521,4.537428023032629,0.09980806142034548,0.11516314779270634,0.04798464491362764,0.044145873320537425,0.09980806142034548,0.2763915547024952,0.0,0.030710172744721688,0.09788867562380038,0.18618042226487524,
16,0.678714859437751,249,4.228915662650603,0.08835341365461848,0.08835341365461848,0.0642570281124498,0.07630522088353414,0.05220883534136546,0.24497991967871485,0.0,0.012048192771084338,0.1285140562248996,0.24497991967871485,
16,0.6714285714285714,210,4.328571428571428,0.12380952380952381,0.06190476190476191,0.09047619047619047,0.03333333333333333,0.07142857142857142,0.2714285714285714,0.0,0.02857142857142857,0.06190476190476191,0.2571428571428571,
16,0.6205128205128205,390,4.4,0.08717948717948718,0.09487179487179487,0.046153846153846156,0.07179487179487179,0.10256410256410256,0.29743589743589743,0.0,0.03076923076923077,0.08461538461538462,0.18461538461538463,
16,0.5806451612903226,527,4.480075901328274,0.07590132827324478,0.11195445920303605,0.07400379506641366,0.06072106261859583,0.10056925996204934,0.2618595825426945,0.0,0.024667931688804556,0.0777988614800759,0.2125237191650854,
16,0.7230769230769231,130,4.184615384615385,0.16923076923076924,0.09230769230769231,0.03076923076923077,0.05384615384615385,0.1076923076923077,0.26153846153846155,0.0,0.023076923076923078,0.06153846153846154,0.2,
16,0.6859504132231405,242,4.095041322314049,0.08677685950413223,0.07024793388429752,0.05785123966942149,0.08264462809917356,0.10743801652892562,0.19834710743801653,0.0,0.03305785123966942,0.10330578512396695,0.2603305785123967,
16,0.6571428571428571,140,4.121428571428571,0.08571428571428572,0.11428571428571428,0.05714285714285714,0.07142857142857142,0.06428571428571428,0.29285714285714287,0.0,0.02857142857142857,0.14285714285714285,0.14285714285714285,
16,0.5600393700787402,1016,4.619094488188976,0.14763779527559054,0.09350393700787402,0.04921259842519685,0.05905511811023622,0.10236220472440945,0.3248031496062992,0.002952755905511811,0.022637795275590553,0.045275590551181105,0.15255905511811024,
16,0.8111111111111111,90,4.2,0.12222222222222222,0.1,0.044444444444444446,0.03333333333333333,0.12222222222222222,0.28888888888888886,0.0,0.022222222222222223,0.12222222222222222,0.14444444444444443,
16,0.6811594202898551,207,4.405797101449275,0.15458937198067632,0.0966183574879227,0.07246376811594203,0.03864734299516908,0.06280193236714976,0.26570048309178745,0.0,0.03864734299516908,0.057971014492753624,0.20772946859903382,
16,0.6422222222222222,450,4.257777777777778,0.09555555555555556,0.12,0.05555555555555555,0.06666666666666667,0.1111111111111111,0.2911111111111111,0.006666666666666667,0.013333333333333334,0.07111111111111111,0.1688888888888889,
16,0.6357758620689655,464,4.420258620689655,0.10560344827586207,0.09698275862068965,0.05818965517241379,0.05387931034482758,0.11637931034482758,0.30603448275862066,0.0021551724137931034,0.023706896551724137,0.07327586206896551,0.16379310344827586,
16,0.6563467492260062,323,4.13312693498452,0.10526315789473684,0.10835913312693499,0.10835913312693499,0.04024767801857585,0.09287925696594428,0.20743034055727555,0.009287925696594427,0.021671826625386997,0.09287925696594428,0.21052631578947367,
16,0.8070175438596491,114,4.359649122807017,0.14035087719298245,0.10526315789473684,0.06140350877192982,0.02631578947368421,0.11403508771929824,0.32456140350877194,0.0,0.043859649122807015,0.03508771929824561,0.14912280701754385,
16,0.7370892018779343,213,4.272300469483568,0.07981220657276995,0.09389671361502347,0.046948356807511735,0.06103286384976526,0.07042253521126761,0.3286384976525822,0.004694835680751174,0.014084507042253521,0.10328638497652583,0.19718309859154928,
16,0.6987951807228916,166,4.0,0.10843373493975904,0.0963855421686747,0.08433734939759036,0.03614457831325301,0.10240963855421686,0.25903614457831325,0.0,0.060240963855421686,0.07228915662650602,0.18072289156626506,
16,0.7590361445783133,166,4.620481927710843,0.0783132530120482,0.10843373493975904,0.05421686746987952,0.05421686746987952,0.1566265060240964,0.27710843373493976,0.0,0.030120481927710843,0.04819277108433735,0.1927710843373494,
16,0.7251461988304093,171,4.309941520467836,0.09941520467836257,0.11695906432748537,0.05263157894736842,0.06432748538011696,0.14035087719298245,0.28654970760233917,0.0,0.005847953216374269,0.05847953216374269,0.17543859649122806,
16,0.4828744123572868,1489,4.265278710543989,0.10409670920080591,0.10745466756212223,0.05305574210879785,0.051712558764271326,0.11215580926796508,0.2907991940899933,0.004029550033579583,0.028206850235057087,0.06850235057085292,0.17931497649429148,
16,0.5736842105263158,570,4.531578947368421,0.09298245614035087,0.10877192982456141,0.05789473684210526,0.05087719298245614,0.1280701754385965,0.2719298245614035,0.0035087719298245615,0.01929824561403509,0.07017543859649122,0.19473684210526315,
16,0.7398843930635838,173,4.317919075144508,0.10982658959537572,0.08670520231213873,0.06358381502890173,0.046242774566473986,0.15606936416184972,0.27167630057803466,0.0,0.03468208092485549,0.07514450867052024,0.15606936416184972,
16,0.7984496124031008,129,3.953488372093023,0.08527131782945736,0.13953488372093023,0.06976744186046512,0.05426356589147287,0.06976744186046512,0.21705426356589147,0.007751937984496124,0.023255813953488372,0.09302325581395349,0.24031007751937986,
16,0.6055900621118012,644,4.464285714285714,0.10093167701863354,0.08385093167701864,0.05745341614906832,0.06832298136645963,0.10869565217391304,0.2826086956521739,0.003105590062111801,0.029503105590062112,0.07608695652173914,0.18944099378881987,
16,0.8021978021978022,91,4.131868131868132,0.08791208791208792,0.0989010989010989,0.04395604395604396,0.02197802197802198,0.1978021978021978,0.26373626373626374,0.01098901098901099,0.02197802197802198,0.03296703296703297,0.21978021978021978,
16,0.6420824295010846,461,4.481561822125814,0.09761388286334056,0.1019522776572668,0.06941431670281996,0.0650759219088937,0.09978308026030369,0.29718004338394793,0.0,0.015184381778741865,0.09327548806941431,0.16052060737527116,
16,0.6498422712933754,317,4.173501577287066,0.07255520504731862,0.0914826498422713,0.10094637223974763,0.05362776025236593,0.10410094637223975,0.21766561514195584,0.0,0.025236593059936908,0.13564668769716087,0.19873817034700317,
16,0.8648648648648649,74,4.486486486486487,0.06756756756756757,0.08108108108108109,0.02702702702702703,0.06756756756756757,0.16216216216216217,0.2972972972972973,0.0,0.04054054054054054,0.05405405405405406,0.20270270270270271,
16,0.5708333333333333,480,4.3125,0.12083333333333333,0.0875,0.07291666666666667,0.035416666666666666,0.10416666666666667,0.3020833333333333,0.004166666666666667,0.022916666666666665,0.058333333333333334,0.18958333333333333,
16,0.7936507936507936,63,4.142857142857143,0.1111111111111111,0.06349206349206349,0.06349206349206349,0.06349206349206349,0.14285714285714285,0.30158730158730157,0.0,0.047619047619047616,0.06349206349206349,0.14285714285714285,
16,0.5883256528417818,651,4.497695852534562,0.07680491551459294,0.1152073732718894,0.06758832565284179,0.06451612903225806,0.08448540706605223,0.2626728110599078,0.0015360983102918587,0.010752688172043012,0.09216589861751152,0.2227342549923195,
16,0.43944444444444447,1800,4.296666666666667,0.09888888888888889,0.105,0.06555555555555556,0.049444444444444444,0.11555555555555555,0.2861111111111111,0.0005555555555555556,0.022222222222222223,0.07388888888888889,0.18166666666666667,
16,0.6370967741935484,124,3.903225806451613,0.10483870967741936,0.08064516129032258,0.08064516129032258,0.024193548387096774,0.13709677419354838,0.24193548387096775,0.0,0.04838709677419355,0.04032258064516129,0.24193548387096775,
16,0.6929133858267716,254,4.468503937007874,0.14173228346456693,0.09055118110236221,0.09448818897637795,0.03543307086614173,0.1220472440944882,0.2204724409448819,0.0,0.03937007874015748,0.05905511811023622,0.1968503937007874,
16,0.7,130,4.1461538461538465,0.038461538461538464,0.1076923076923077,0.06153846153846154,0.07692307692307693,0.14615384615384616,0.2692307692307692,0.007692307692307693,0.038461538461538464,0.1,0.15384615384615385,
16,0.7530864197530864,81,4.049382716049383,0.12345679012345678,0.1111111111111111,0.1111111111111111,0.037037037037037035,0.06172839506172839,0.30864197530864196,0.0,0.04938271604938271,0.0,0.19753086419753085,
16,0.6388888888888888,324,4.234567901234568,0.08333333333333333,0.09567901234567901,0.040123456790123455,0.04938271604938271,0.12654320987654322,0.29012345679012347,0.0,0.05246913580246913,0.06481481481481481,0.19753086419753085,
17,0.6717171717171717,198,4.232323232323233,0.10101010101010101,0.08080808080808081,0.045454545454545456,0.030303030303030304,0.12626262626262627,0.35858585858585856,0.0,0.020202020202020204,0.0707070707070707,0.16666666666666666,
17,0.4822501365374113,1831,4.6919716002184595,0.1174221736755871,0.08301474604041507,0.02403058438012015,0.025122883670125613,0.09503003823047515,0.4456581103222283,0.0010922992900054614,0.018022938285090113,0.018569087930092845,0.170398689240852,
17,0.8142857142857143,140,4.492857142857143,0.12857142857142856,0.1,0.09285714285714286,0.02857142857142857,0.08571428571428572,0.3,0.02142857142857143,0.02857142857142857,0.03571428571428571,0.17857142857142858,
17,0.4479166666666667,288,4.065972222222222,0.09722222222222222,0.11458333333333333,0.020833333333333332,0.013888888888888888,0.13541666666666666,0.2673611111111111,0.003472222222222222,0.03819444444444445,0.12152777777777778,0.1875,
17,0.5947955390334573,269,4.159851301115242,0.06691449814126393,0.08178438661710037,0.08921933085501858,0.048327137546468404,0.10780669144981413,0.241635687732342,0.0037174721189591076,0.040892193308550186,0.09665427509293681,0.22304832713754646,
17,0.6829268292682927,82,3.8780487804878048,0.07317073170731707,0.0975609756097561,0.07317073170731707,0.012195121951219513,0.0975609756097561,0.3170731707317073,0.0,0.04878048780487805,0.0975609756097561,0.18292682926829268,
17,0.5218508997429306,778,4.543701799485861,0.09511568123393316,0.13496143958868895,0.043701799485861184,0.037275064267352186,0.16580976863753213,0.31876606683804626,0.0012853470437017994,0.02056555269922879,0.038560411311053984,0.14395886889460155,
17,0.7004048582995951,247,4.676113360323886,0.12955465587044535,0.10121457489878542,0.08097165991902834,0.048582995951417005,0.0728744939271255,0.2550607287449393,0.012145748987854251,0.032388663967611336,0.08097165991902834,0.1862348178137652,
17,0.5536193029490617,746,4.509383378016086,0.08445040214477212,0.10455764075067024,0.036193029490616625,0.020107238605898123,0.15281501340482573,0.339142091152815,0.002680965147453083,0.00938337801608579,0.057640750670241284,0.19302949061662197,
17,0.6554307116104869,267,4.835205992509363,0.14606741573033707,0.10112359550561797,0.06741573033707865,0.026217228464419477,0.1198501872659176,0.3258426966292135,0.00749063670411985,0.0,0.07865168539325842,0.12734082397003746,
17,0.6555555555555556,540,4.642592592592592,0.12222222222222222,0.1111111111111111,0.04259259259259259,0.04259259259259259,0.12222222222222222,0.3574074074074074,0.0,0.011111111111111112,0.04259259259259259,0.14814814814814814,
17,0.6607929515418502,227,4.383259911894273,0.07929515418502203,0.10572687224669604,0.030837004405286344,0.013215859030837005,0.1277533039647577,0.3039647577092511,0.0,0.01762114537444934,0.1013215859030837,0.22026431718061673,
17,0.642512077294686,207,3.9903381642512077,0.12077294685990338,0.10144927536231885,0.057971014492753624,0.07246376811594203,0.06763285024154589,0.23671497584541062,0.0,0.028985507246376812,0.1111111111111111,0.2028985507246377,
17,0.56951871657754,748,4.485294117647059,0.07887700534759358,0.09224598930481283,0.040106951871657755,0.0481283422459893,0.14171122994652408,0.3582887700534759,0.0,0.0106951871657754,0.06283422459893048,0.16711229946524064,
17,0.49731471535982813,931,4.4167561761546725,0.08915145005370569,0.1385606874328679,0.03866809881847476,0.03544575725026853,0.1364124597207304,0.30934479054779807,0.0,0.024704618689581095,0.06766917293233082,0.16004296455424274,
17,0.66875,160,4.64375,0.0875,0.10625,0.0375,0.06875,0.0875,0.3375,0.0,0.0125,0.075,0.18125,
17,0.6448598130841121,214,4.364485981308412,0.06542056074766354,0.09813084112149532,0.02336448598130841,0.056074766355140186,0.08411214953271028,0.35514018691588783,0.0,0.02336448598130841,0.11682242990654206,0.17757009345794392,
17,0.7319587628865979,97,4.329896907216495,0.10309278350515463,0.05154639175257732,0.05154639175257732,0.041237113402061855,0.14432989690721648,0.3402061855670103,0.0,0.041237113402061855,0.030927835051546393,0.1958762886597938,
17,0.6554054054054054,148,4.02027027027027,0.0945945945945946,0.14864864864864866,0.05405405405405406,0.05405405405405406,0.07432432432432433,0.25675675675675674,0.0,0.006756756756756757,0.13513513513513514,0.17567567567567569,
17,0.7073170731707317,123,4.130081300813008,0.04878048780487805,0.07317073170731707,0.024390243902439025,0.0975609756097561,0.17073170731707318,0.35772357723577236,0.0,0.016260162601626018,0.04065040650406504,0.17073170731707318,
17,0.7065217391304348,92,4.239130434782608,0.11956521739130435,0.10869565217391304,0.03260869565217391,0.10869565217391304,0.08695652173913043,0.2717391304347826,0.0,0.010869565217391304,0.09782608695652174,0.16304347826086957,
17,0.6904761904761905,168,4.196428571428571,0.06547619047619048,0.1130952380952381,0.017857142857142856,0.07142857142857142,0.09523809523809523,0.32142857142857145,0.011904761904761904,0.011904761904761904,0.07738095238095238,0.21428571428571427,
17,0.7837837837837838,74,3.8783783783783785,0.08108108108108109,0.10810810810810811,0.013513513513513514,0.05405405405405406,0.06756756756756757,0.13513513513513514,0.0,0.04054054054054054,0.16216216216216217,0.33783783783783783,
17,0.6302521008403361,119,3.7142857142857144,0.06722689075630252,0.09243697478991597,0.025210084033613446,0.058823529411764705,0.08403361344537816,0.3025210084033613,0.0,0.01680672268907563,0.13445378151260504,0.2184873949579832,
17,0.7611940298507462,67,4.1940298507462686,0.1044776119402985,0.11940298507462686,0.07462686567164178,0.05970149253731343,0.04477611940298507,0.208955223880597,0.0,0.029850746268656716,0.16417910447761194,0.19402985074626866,
17,0.7398373983739838,123,3.926829268292683,0.0975609756097561,0.13008130081300814,0.04878048780487805,0.06504065040650407,0.06504065040650407,0.2926829268292683,0.0,0.016260162601626018,0.0975609756097561,0.18699186991869918,
17,0.6820809248554913,173,4.254335260115607,0.06358381502890173,0.08670520231213873,0.04046242774566474,0.10982658959537572,0.10404624277456648,0.3179190751445087,0.0,0.005780346820809248,0.08092485549132948,0.1907514450867052,
17,0.8028169014084507,71,4.591549295774648,0.11267605633802817,0.07042253521126761,0.028169014084507043,0.07042253521126761,0.08450704225352113,0.30985915492957744,0.0,0.0,0.11267605633802817,0.2112676056338028,
17,0.6959459459459459,148,4.391891891891892,0.13513513513513514,0.10135135135135136,0.0472972972972973,0.08783783783783784,0.06756756756756757,0.3716216216216216,0.006756756756756757,0.013513513513513514,0.02027027027027027,0.14864864864864866,
17,0.7168141592920354,113,4.398230088495575,0.13274336283185842,0.10619469026548672,0.04424778761061947,0.035398230088495575,0.10619469026548672,0.2920353982300885,0.0,0.02654867256637168,0.061946902654867256,0.19469026548672566,
17,0.6385542168674698,166,4.048192771084337,0.1144578313253012,0.08433734939759036,0.04819277108433735,0.06626506024096386,0.04819277108433735,0.26506024096385544,0.0,0.03614457831325301,0.13855421686746988,0.19879518072289157,
17,0.7142857142857143,133,4.2781954887218046,0.05263157894736842,0.09774436090225563,0.05263157894736842,0.07518796992481203,0.06766917293233082,0.3308270676691729,0.007518796992481203,0.03759398496240601,0.08270676691729323,0.19548872180451127,
17,0.7766990291262136,103,4.242718446601942,0.13592233009708737,0.10679611650485436,0.06796116504854369,0.038834951456310676,0.04854368932038835,0.3106796116504854,0.0,0.009708737864077669,0.07766990291262135,0.20388349514563106,
17,0.7383177570093458,107,4.364485981308412,0.056074766355140186,0.12149532710280374,0.07476635514018691,0.07476635514018691,0.06542056074766354,0.2897196261682243,0.0,0.018691588785046728,0.056074766355140186,0.24299065420560748,
17,0.7083333333333334,120,4.216666666666667,0.125,0.03333333333333333,0.03333333333333333,0.06666666666666667,0.008333333333333333,0.2916666666666667,0.0,0.05,0.1,0.2916666666666667,
17,0.6598639455782312,147,4.020408163265306,0.10204081632653061,0.14965986394557823,0.013605442176870748,0.061224489795918366,0.07482993197278912,0.35374149659863946,0.006802721088435374,0.013605442176870748,0.08163265306122448,0.14285714285714285,
17,0.6307692307692307,195,4.184615384615385,0.12307692307692308,0.11282051282051282,0.035897435897435895,0.046153846153846156,0.08205128205128205,0.27692307692307694,0.0,0.03076923076923077,0.09743589743589744,0.19487179487179487,
17,0.7176470588235294,85,4.482352941176471,0.058823529411764705,0.058823529411764705,0.023529411764705882,0.047058823529411764,0.08235294117647059,0.36470588235294116,0.0,0.011764705882352941,0.1411764705882353,0.21176470588235294,
17,0.7536231884057971,69,4.594202898550725,0.043478260869565216,0.07246376811594203,0.028985507246376812,0.057971014492753624,0.11594202898550725,0.34782608695652173,0.0,0.028985507246376812,0.14492753623188406,0.15942028985507245,
17,0.6263736263736264,91,4.142857142857143,0.03296703296703297,0.054945054945054944,0.07692307692307693,0.054945054945054944,0.06593406593406594,0.3076923076923077,0.0,0.0,0.1978021978021978,0.2087912087912088,
17,0.7244094488188977,127,4.354330708661418,0.07086614173228346,0.11023622047244094,0.05511811023622047,0.05511811023622047,0.14960629921259844,0.2677165354330709,0.0,0.007874015748031496,0.09448818897637795,0.18110236220472442,
17,0.6351351351351351,222,4.09009009009009,0.09009009009009009,0.09009009009009009,0.02252252252252252,0.08108108108108109,0.11711711711711711,0.25675675675675674,0.0,0.02252252252252252,0.12612612612612611,0.19369369369369369,
17,0.6790123456790124,81,4.172839506172839,0.08641975308641975,0.16049382716049382,0.024691358024691357,0.06172839506172839,0.14814814814814814,0.32098765432098764,0.0,0.0,0.07407407407407407,0.12345679012345678,
17,0.7671232876712328,146,4.198630136986301,0.14383561643835616,0.0821917808219178,0.04794520547945205,0.0410958904109589,0.0684931506849315,0.2808219178082192,0.0,0.02054794520547945,0.10273972602739725,0.21232876712328766,
17,0.7080745341614907,161,4.254658385093168,0.08074534161490683,0.11801242236024845,0.062111801242236024,0.049689440993788817,0.08695652173913043,0.2732919254658385,0.0,0.006211180124223602,0.08695652173913043,0.2360248447204969,
17,0.8125,80,4.3625,0.075,0.0625,0.0125,0.075,0.125,0.3875,0.0,0.025,0.075,0.1625,
17,0.7009345794392523,107,4.308411214953271,0.07476635514018691,0.11214953271028037,0.009345794392523364,0.08411214953271028,0.1588785046728972,0.3925233644859813,0.0,0.0,0.07476635514018691,0.09345794392523364,
17,0.7278911564625851,147,4.4353741496598635,0.07482993197278912,0.08843537414965986,0.09523809523809523,0.06802721088435375,0.08163265306122448,0.2925170068027211,0.013605442176870748,0.034013605442176874,0.06802721088435375,0.1836734693877551,
17,0.7352941176470589,102,4.235294117647059,0.10784313725490197,0.10784313725490197,0.058823529411764705,0.0392156862745098,0.09803921568627451,0.3627450980392157,0.0,0.029411764705882353,0.058823529411764705,0.13725490196078433,
17,0.6802721088435374,147,4.095238095238095,0.10204081632653061,0.11564625850340136,0.06802721088435375,0.05442176870748299,0.061224489795918366,0.3401360544217687,0.0,0.02040816326530612,0.07482993197278912,0.16326530612244897,
17,0.628140703517588,199,4.226130653266332,0.10552763819095477,0.07035175879396985,0.06030150753768844,0.06532663316582915,0.11557788944723618,0.33668341708542715,0.0,0.020100502512562814,0.07035175879396985,0.15577889447236182,
17,0.654639175257732,194,4.22680412371134,0.061855670103092786,0.06701030927835051,0.05154639175257732,0.06701030927835051,0.0979381443298969,0.30412371134020616,0.0,0.030927835051546393,0.1134020618556701,0.20618556701030927,
17,0.6302083333333334,192,4.265625,0.057291666666666664,0.07291666666666667,0.015625,0.046875,0.140625,0.3177083333333333,0.0,0.026041666666666668,0.11458333333333333,0.20833333333333334,
17,0.7065217391304348,92,4.239130434782608,0.08695652173913043,0.09782608695652174,0.021739130434782608,0.08695652173913043,0.03260869565217391,0.33695652173913043,0.0,0.021739130434782608,0.13043478260869565,0.18478260869565216,
17,0.6513157894736842,152,4.0131578947368425,0.09210526315789473,0.08552631578947369,0.07894736842105263,0.039473684210526314,0.05263157894736842,0.3026315789473684,0.0,0.046052631578947366,0.07894736842105263,0.2236842105263158,
17,0.6298701298701299,154,4.435064935064935,0.18181818181818182,0.05844155844155844,0.0,0.07792207792207792,0.08441558441558442,0.37662337662337664,0.0,0.012987012987012988,0.05844155844155844,0.14935064935064934,
17,0.6381578947368421,152,4.131578947368421,0.15789473684210525,0.1118421052631579,0.013157894736842105,0.046052631578947366,0.05263157894736842,0.34210526315789475,0.0,0.013157894736842105,0.05921052631578947,0.20394736842105263,
17,0.7073170731707317,123,4.333333333333333,0.13821138211382114,0.08943089430894309,0.032520325203252036,0.04878048780487805,0.06504065040650407,0.3902439024390244,0.0,0.032520325203252036,0.08130081300813008,0.12195121951219512,
17,0.6878612716763006,173,4.312138728323699,0.08670520231213873,0.057803468208092484,0.03468208092485549,0.057803468208092484,0.10404624277456648,0.2947976878612717,0.0,0.017341040462427744,0.12716763005780346,0.21965317919075145,
17,0.5787878787878787,330,3.9757575757575756,0.09393939393939393,0.09393939393939393,0.048484848484848485,0.045454545454545456,0.05454545454545454,0.30303030303030304,0.0030303030303030303,0.045454545454545456,0.08484848484848485,0.22727272727272727,
17,0.6951219512195121,82,4.0,0.07317073170731707,0.07317073170731707,0.036585365853658534,0.07317073170731707,0.0975609756097561,0.2926829268292683,0.0,0.024390243902439025,0.18292682926829268,0.14634146341463414,
17,0.6829268292682927,82,3.8902439024390243,0.08536585365853659,0.12195121951219512,0.024390243902439025,0.04878048780487805,0.07317073170731707,0.3048780487804878,0.0,0.036585365853658534,0.14634146341463414,0.15853658536585366,
17,0.7804878048780488,82,4.548780487804878,0.0975609756097561,0.07317073170731707,0.08536585365853659,0.08536585365853659,0.13414634146341464,0.34146341463414637,0.0,0.012195121951219513,0.04878048780487805,0.10975609756097561,
17,0.7291666666666666,96,4.208333333333333,0.07291666666666667,0.11458333333333333,0.010416666666666666,0.0625,0.07291666666666667,0.2708333333333333,0.0,0.020833333333333332,0.125,0.23958333333333334,
17,0.6796875,128,4.4609375,0.1328125,0.078125,0.0625,0.0859375,0.109375,0.2890625,0.0,0.0078125,0.0625,0.171875,
17,0.7012987012987013,154,3.948051948051948,0.08441558441558442,0.05844155844155844,0.05844155844155844,0.07142857142857142,0.07792207792207792,0.2792207792207792,0.0,0.01948051948051948,0.11688311688311688,0.23376623376623376,
17,0.7457627118644068,118,4.254237288135593,0.07627118644067797,0.07627118644067797,0.059322033898305086,0.07627118644067797,0.07627118644067797,0.211864406779661,0.0,0.03389830508474576,0.1440677966101695,0.23728813559322035,
17,0.704225352112676,142,4.056338028169014,0.08450704225352113,0.09154929577464789,0.02112676056338028,0.04225352112676056,0.14084507042253522,0.38028169014084506,0.0,0.014084507042253521,0.07746478873239436,0.14788732394366197,
17,0.7692307692307693,52,4.288461538461538,0.019230769230769232,0.11538461538461539,0.038461538461538464,0.019230769230769232,0.15384615384615385,0.3269230769230769,0.0,0.019230769230769232,0.09615384615384616,0.21153846153846154,
17,0.6206896551724138,232,4.030172413793103,0.08620689655172414,0.0603448275862069,0.04741379310344827,0.07758620689655173,0.09482758620689655,0.25,0.0,0.03879310344827586,0.09482758620689655,0.24568965517241378,
17,0.689873417721519,158,4.594936708860759,0.10126582278481013,0.0759493670886076,0.03164556962025317,0.056962025316455694,0.0949367088607595,0.33544303797468356,0.0,0.0189873417721519,0.08860759493670886,0.1962025316455696,
17,0.6129032258064516,155,3.8967741935483873,0.14838709677419354,0.07741935483870968,0.07096774193548387,0.01935483870967742,0.05161290322580645,0.3161290322580645,0.0,0.01935483870967742,0.10967741935483871,0.1870967741935484,
17,0.64,150,3.933333333333333,0.1,0.06666666666666667,0.04666666666666667,0.04666666666666667,0.05333333333333334,0.30666666666666664,0.0,0.02666666666666667,0.15333333333333332,0.2,
17,0.648936170212766,188,4.164893617021277,0.06914893617021277,0.10638297872340426,0.026595744680851064,0.026595744680851064,0.1276595744680851,0.324468085106383,0.0,0.015957446808510637,0.10638297872340426,0.19680851063829788,
17,0.6929824561403509,114,4.37719298245614,0.10526315789473684,0.08771929824561403,0.03508771929824561,0.05263157894736842,0.07017543859649122,0.37719298245614036,0.0,0.017543859649122806,0.03508771929824561,0.21929824561403508,
17,0.7320261437908496,153,4.509803921568627,0.0915032679738562,0.08496732026143791,0.026143790849673203,0.0457516339869281,0.10457516339869281,0.3202614379084967,0.0,0.026143790849673203,0.13071895424836602,0.16993464052287582,
17,0.6462882096069869,229,4.524017467248909,0.06986899563318777,0.1222707423580786,0.026200873362445413,0.056768558951965066,0.07860262008733625,0.314410480349345,0.0,0.026200873362445413,0.13100436681222707,0.17467248908296942,
17,0.646551724137931,232,4.443965517241379,0.10344827586206896,0.08189655172413793,0.03017241379310345,0.04741379310344827,0.09913793103448276,0.2974137931034483,0.0,0.02586206896551724,0.09051724137931035,0.22413793103448276,
17,0.7157894736842105,95,4.442105263157894,0.042105263157894736,0.08421052631578947,0.06315789473684211,0.05263157894736842,0.05263157894736842,0.23157894736842105,0.0,0.042105263157894736,0.2,0.23157894736842105,
17,0.6514522821576764,241,4.261410788381743,0.1037344398340249,0.0912863070539419,0.07468879668049792,0.04564315352697095,0.08298755186721991,0.2863070539419087,0.0,0.029045643153526972,0.07053941908713693,0.2157676348547718,
17,0.6688311688311688,154,3.9025974025974026,0.09090909090909091,0.09740259740259741,0.05844155844155844,0.05194805194805195,0.07142857142857142,0.2727272727272727,0.0,0.032467532467532464,0.12337662337662338,0.2012987012987013,
17,0.6617647058823529,204,4.578431372549019,0.08333333333333333,0.09803921568627451,0.04411764705882353,0.058823529411764705,0.08823529411764706,0.28921568627450983,0.0,0.03431372549019608,0.10294117647058823,0.20098039215686275,
17,0.7285714285714285,140,4.085714285714285,0.09285714285714286,0.08571428571428572,0.08571428571428572,0.05714285714285714,0.05,0.22857142857142856,0.0,0.02857142857142857,0.1357142857142857,0.2357142857142857,
17,0.6541666666666667,240,4.3375,0.075,0.1,0.05416666666666667,0.058333333333333334,0.09166666666666666,0.3416666666666667,0.0,0.0125,0.09166666666666666,0.175,
17,0.5982905982905983,234,4.3076923076923075,0.11965811965811966,0.06837606837606838,0.06837606837606838,0.05555555555555555,0.07692307692307693,0.2777777777777778,0.0,0.01282051282051282,0.08547008547008547,0.23504273504273504,
17,0.6394230769230769,208,3.951923076923077,0.09615384615384616,0.07211538461538461,0.07211538461538461,0.038461538461538464,0.07211538461538461,0.2932692307692308,0.0,0.014423076923076924,0.10576923076923077,0.23557692307692307,
17,0.6583333333333333,240,4.245833333333334,0.1,0.07916666666666666,0.03333333333333333,0.05416666666666667,0.10416666666666667,0.275,0.004166666666666667,0.05,0.07916666666666666,0.22083333333333333,
17,0.7094017094017094,117,4.051282051282051,0.08547008547008547,0.10256410256410256,0.042735042735042736,0.05982905982905983,0.09401709401709402,0.3418803418803419,0.0,0.017094017094017096,0.11965811965811966,0.13675213675213677,
17,0.6953125,128,4.3828125,0.09375,0.078125,0.046875,0.046875,0.1015625,0.296875,0.0,0.0234375,0.0703125,0.2421875,
17,0.7304347826086957,115,4.539130434782609,0.09565217391304348,0.09565217391304348,0.034782608695652174,0.06086956521739131,0.11304347826086956,0.3130434782608696,0.008695652173913044,0.017391304347826087,0.09565217391304348,0.16521739130434782,
17,0.7522123893805309,113,4.15929203539823,0.11504424778761062,0.07964601769911504,0.02654867256637168,0.05309734513274336,0.07079646017699115,0.3185840707964602,0.0,0.017699115044247787,0.09734513274336283,0.22123893805309736,
17,0.6372093023255814,215,4.213953488372093,0.14883720930232558,0.11162790697674418,0.009302325581395349,0.03255813953488372,0.12558139534883722,0.3023255813953488,0.0,0.027906976744186046,0.08372093023255814,0.15813953488372093,
17,0.7628865979381443,97,4.360824742268041,0.1134020618556701,0.08247422680412371,0.09278350515463918,0.041237113402061855,0.05154639175257732,0.27835051546391754,0.0,0.030927835051546393,0.1134020618556701,0.18556701030927836,
17,0.6736111111111112,144,4.409722222222222,0.09027777777777778,0.10416666666666667,0.027777777777777776,0.04861111111111111,0.1111111111111111,0.3125,0.0,0.020833333333333332,0.08333333333333333,0.2013888888888889,
17,0.5708502024291497,247,4.222672064777328,0.07692307692307693,0.06882591093117409,0.06072874493927125,0.05263157894736842,0.07692307692307693,0.29959514170040485,0.004048582995951417,0.012145748987854251,0.145748987854251,0.20242914979757085,
17,0.6986301369863014,146,4.328767123287672,0.0958904109589041,0.07534246575342465,0.0136986301369863,0.06164383561643835,0.11643835616438356,0.3150684931506849,0.0,0.02054794520547945,0.1232876712328767,0.1780821917808219,
17,0.5300859598853869,349,4.200573065902579,0.08882521489971347,0.09169054441260745,0.05157593123209169,0.04297994269340974,0.04871060171919771,0.34097421203438394,0.0057306590257879654,0.03151862464183381,0.06876790830945559,0.22922636103151864,
17,0.45701357466063347,221,4.208144796380091,0.05429864253393665,0.09049773755656108,0.049773755656108594,0.049773755656108594,0.08144796380090498,0.3031674208144796,0.0,0.04072398190045249,0.12669683257918551,0.20361990950226244,
17,0.7162162162162162,148,3.8783783783783785,0.10135135135135136,0.07432432432432433,0.033783783783783786,0.04054054054054054,0.05405405405405406,0.28378378378378377,0.0,0.02702702702702703,0.12837837837837837,0.25675675675675674,
17,0.782608695652174,115,4.3652173913043475,0.08695652173913043,0.08695652173913043,0.06086956521739131,0.0782608695652174,0.043478260869565216,0.3391304347826087,0.0,0.017391304347826087,0.11304347826086956,0.17391304347826086,
17,0.6298701298701299,154,4.35064935064935,0.06493506493506493,0.07142857142857142,0.012987012987012988,0.07142857142857142,0.13636363636363635,0.36363636363636365,0.0,0.032467532467532464,0.1038961038961039,0.14285714285714285,
17,0.6505376344086021,186,4.145161290322581,0.0913978494623656,0.06451612903225806,0.03225806451612903,0.06451612903225806,0.08064516129032258,0.3010752688172043,0.0,0.010752688172043012,0.15053763440860216,0.20430107526881722,
17,0.7674418604651163,86,4.093023255813954,0.05813953488372093,0.09302325581395349,0.011627906976744186,0.09302325581395349,0.10465116279069768,0.32558139534883723,0.0,0.011627906976744186,0.09302325581395349,0.20930232558139536,
17,0.6628571428571428,175,3.96,0.10285714285714286,0.08,0.045714285714285714,0.07428571428571429,0.03428571428571429,0.30857142857142855,0.0,0.017142857142857144,0.09714285714285714,0.24,
17,0.6568047337278107,169,3.9585798816568047,0.11242603550295859,0.10650887573964497,0.03550295857988166,0.05325443786982249,0.05917159763313609,0.3254437869822485,0.0,0.029585798816568046,0.08875739644970414,0.1893491124260355,
17,0.703030303030303,165,4.33939393939394,0.07272727272727272,0.11515151515151516,0.030303030303030304,0.06060606060606061,0.06060606060606061,0.3575757575757576,0.0,0.01818181818181818,0.09090909090909091,0.19393939393939394,
17,0.75,92,4.456521739130435,0.06521739130434782,0.11956521739130435,0.043478260869565216,0.03260869565217391,0.043478260869565216,0.32608695652173914,0.0,0.03260869565217391,0.13043478260869565,0.20652173913043478,
17,0.6792452830188679,106,4.386792452830188,0.08490566037735849,0.12264150943396226,0.05660377358490566,0.07547169811320754,0.0660377358490566,0.2830188679245283,0.0,0.018867924528301886,0.12264150943396226,0.16981132075471697,
17,0.7614678899082569,109,4.495412844036697,0.14678899082568808,0.07339449541284404,0.045871559633027525,0.045871559633027525,0.09174311926605505,0.3211009174311927,0.0,0.009174311926605505,0.08256880733944955,0.1834862385321101,
17,0.656934306569343,137,4.430656934306569,0.08029197080291971,0.10218978102189781,0.021897810218978103,0.08759124087591241,0.072992700729927,0.32116788321167883,0.0,0.014598540145985401,0.15328467153284672,0.145985401459854,
17,0.6483516483516484,182,4.126373626373627,0.08241758241758242,0.06593406593406594,0.03296703296703297,0.06043956043956044,0.08241758241758242,0.2802197802197802,0.0,0.01098901098901099,0.15384615384615385,0.23076923076923078,
17,0.6204620462046204,303,4.508250825082508,0.0594059405940594,0.10231023102310231,0.04950495049504951,0.04950495049504951,0.09570957095709572,0.3069306930693069,0.0,0.0297029702970297,0.10231023102310231,0.20462046204620463,
17,0.6981132075471698,159,4.364779874213837,0.11949685534591195,0.11949685534591195,0.012578616352201259,0.0440251572327044,0.09433962264150944,0.32075471698113206,0.0,0.025157232704402517,0.10062893081761007,0.16352201257861634,
17,0.6149732620320856,187,4.342245989304812,0.06417112299465241,0.06951871657754011,0.0374331550802139,0.0427807486631016,0.10160427807486631,0.32620320855614976,0.0,0.0427807486631016,0.0962566844919786,0.2192513368983957,
17,0.7394366197183099,142,4.028169014084507,0.1056338028169014,0.09154929577464789,0.028169014084507043,0.07042253521126761,0.1056338028169014,0.28169014084507044,0.0,0.028169014084507043,0.09859154929577464,0.19014084507042253,
17,0.7350427350427351,117,4.316239316239316,0.06837606837606838,0.11965811965811966,0.05982905982905983,0.017094017094017096,0.1111111111111111,0.23931623931623933,0.0,0.017094017094017096,0.13675213675213677,0.23076923076923078,
17,0.6879432624113475,141,4.134751773049645,0.06382978723404255,0.07801418439716312,0.06382978723404255,0.04964539007092199,0.07092198581560284,0.3191489361702128,0.0,0.028368794326241134,0.09929078014184398,0.22695035460992907,
17,0.7342657342657343,143,4.433566433566433,0.04195804195804196,0.11888111888111888,0.04195804195804196,0.02097902097902098,0.1048951048951049,0.35664335664335667,0.006993006993006993,0.006993006993006993,0.11188811188811189,0.1888111888111888,
17,0.6217228464419475,267,4.164794007490637,0.0898876404494382,0.11610486891385768,0.0599250936329588,0.06367041198501873,0.06367041198501873,0.30337078651685395,0.0,0.02247191011235955,0.10486891385767791,0.1760299625468165,
17,0.650887573964497,169,4.295857988165681,0.20118343195266272,0.10650887573964497,0.011834319526627219,0.05917159763313609,0.047337278106508875,0.3727810650887574,0.0,0.011834319526627219,0.03550295857988166,0.15384615384615385,
17,0.7068965517241379,116,4.172413793103448,0.08620689655172414,0.11206896551724138,0.02586206896551724,0.05172413793103448,0.0603448275862069,0.28448275862068967,0.0,0.034482758620689655,0.14655172413793102,0.19827586206896552,
17,0.7254901960784313,153,4.019607843137255,0.08496732026143791,0.09803921568627451,0.08496732026143791,0.06535947712418301,0.06535947712418301,0.3006535947712418,0.0,0.032679738562091505,0.0784313725490196,0.1895424836601307,
17,0.6688311688311688,154,3.8896103896103895,0.1038961038961039,0.09740259740259741,0.045454545454545456,0.06493506493506493,0.045454545454545456,0.2922077922077922,0.0,0.025974025974025976,0.14285714285714285,0.18181818181818182,
17,0.7189189189189189,185,4.378378378378378,0.07027027027027027,0.05945945945945946,0.05945945945945946,0.04864864864864865,0.08648648648648649,0.31351351351351353,0.0,0.016216216216216217,0.0918918918918919,0.25405405405405407,
17,0.7142857142857143,161,4.118012422360248,0.07453416149068323,0.12422360248447205,0.062111801242236024,0.055900621118012424,0.08074534161490683,0.2857142857142857,0.006211180124223602,0.018633540372670808,0.09937888198757763,0.19254658385093168,
17,0.6720430107526881,186,4.043010752688172,0.11290322580645161,0.07526881720430108,0.021505376344086023,0.053763440860215055,0.06989247311827956,0.3118279569892473,0.0,0.021505376344086023,0.08602150537634409,0.24193548387096775,
17,0.6862745098039216,153,3.7777777777777777,0.08496732026143791,0.09803921568627451,0.0392156862745098,0.08496732026143791,0.0915032679738562,0.2549019607843137,0.006535947712418301,0.0,0.11764705882352941,0.2222222222222222,
17,0.7215189873417721,158,4.2025316455696204,0.11392405063291139,0.08227848101265822,0.056962025316455694,0.05063291139240506,0.06962025316455696,0.2974683544303797,0.0,0.012658227848101266,0.0759493670886076,0.24050632911392406,
17,0.8058252427184466,103,4.12621359223301,0.06796116504854369,0.11650485436893204,0.05825242718446602,0.07766990291262135,0.04854368932038835,0.32038834951456313,0.0,0.038834951456310676,0.10679611650485436,0.1650485436893204,
17,0.6287425149700598,167,4.18562874251497,0.08383233532934131,0.11377245508982035,0.029940119760479042,0.07784431137724551,0.08982035928143713,0.31137724550898205,0.0,0.023952095808383235,0.09580838323353294,0.17365269461077845,
17,0.7181818181818181,110,4.209090909090909,0.08181818181818182,0.06363636363636363,0.09090909090909091,0.03636363636363636,0.12727272727272726,0.2636363636363636,0.0,0.045454545454545456,0.045454545454545456,0.24545454545454545,
17,0.7338129496402878,139,4.446043165467626,0.12949640287769784,0.05755395683453238,0.02877697841726619,0.07913669064748201,0.1223021582733813,0.2733812949640288,0.0,0.014388489208633094,0.04316546762589928,0.2517985611510791,
17,0.6311787072243346,263,4.32319391634981,0.09505703422053231,0.12547528517110265,0.053231939163498096,0.034220532319391636,0.11026615969581749,0.2585551330798479,0.011406844106463879,0.015209125475285171,0.11026615969581749,0.18631178707224336,
17,0.688622754491018,167,4.119760479041916,0.041916167664670656,0.11976047904191617,0.0658682634730539,0.04790419161676647,0.041916167664670656,0.2874251497005988,0.0,0.005988023952095809,0.16167664670658682,0.2275449101796407,
17,0.7375886524822695,141,4.3546099290780145,0.14184397163120568,0.07801418439716312,0.03546099290780142,0.07092198581560284,0.05673758865248227,0.2907801418439716,0.0,0.03546099290780142,0.09929078014184398,0.19148936170212766,
17,0.6632653061224489,196,4.010204081632653,0.09693877551020408,0.14285714285714285,0.0663265306122449,0.0663265306122449,0.08673469387755102,0.2602040816326531,0.00510204081632653,0.01020408163265306,0.08163265306122448,0.1836734693877551,
17,0.8,110,4.490909090909091,0.13636363636363635,0.02727272727272727,0.09090909090909091,0.1,0.14545454545454545,0.2545454545454545,0.0,0.00909090909090909,0.045454545454545456,0.19090909090909092,
17,0.684931506849315,146,4.212328767123288,0.10273972602739725,0.13013698630136986,0.04794520547945205,0.04794520547945205,0.11643835616438356,0.2808219178082192,0.0,0.0273972602739726,0.10273972602739725,0.14383561643835616,
17,0.8023255813953488,86,4.476744186046512,0.10465116279069768,0.08139534883720931,0.08139534883720931,0.06976744186046512,0.06976744186046512,0.27906976744186046,0.0,0.011627906976744186,0.10465116279069768,0.19767441860465115,
17,0.6788321167883211,137,4.102189781021898,0.10948905109489052,0.145985401459854,0.058394160583941604,0.043795620437956206,0.072992700729927,0.2773722627737226,0.0,0.029197080291970802,0.0948905109489051,0.1678832116788321,
17,0.69375,160,4.175,0.11875,0.1125,0.0125,0.08125,0.10625,0.29375,0.0,0.025,0.075,0.175,
17,0.6586826347305389,167,3.9880239520958085,0.0658682634730539,0.11976047904191617,0.05389221556886228,0.041916167664670656,0.07784431137724551,0.30538922155688625,0.005988023952095809,0.023952095808383235,0.1377245508982036,0.16766467065868262,
17,0.7692307692307693,78,4.615384615384615,0.16666666666666666,0.11538461538461539,0.02564102564102564,0.038461538461538464,0.07692307692307693,0.32051282051282054,0.0,0.02564102564102564,0.05128205128205128,0.1794871794871795,
17,0.5975609756097561,246,4.048780487804878,0.0975609756097561,0.06910569105691057,0.052845528455284556,0.06097560975609756,0.06097560975609756,0.2967479674796748,0.0,0.024390243902439025,0.10975609756097561,0.22764227642276422,
17,0.6572769953051644,213,4.206572769953052,0.0892018779342723,0.11267605633802817,0.028169014084507043,0.07511737089201878,0.08450704225352113,0.3192488262910798,0.0,0.018779342723004695,0.107981220657277,0.1643192488262911,
17,0.6564102564102564,195,4.133333333333334,0.11794871794871795,0.08717948717948718,0.05641025641025641,0.07179487179487179,0.07179487179487179,0.30256410256410254,0.0,0.015384615384615385,0.12307692307692308,0.15384615384615385,
17,0.6992481203007519,133,4.142857142857143,0.11278195488721804,0.06766917293233082,0.045112781954887216,0.045112781954887216,0.15037593984962405,0.3157894736842105,0.0,0.015037593984962405,0.045112781954887216,0.20300751879699247,
17,0.6188340807174888,223,4.174887892376682,0.10762331838565023,0.11210762331838565,0.03139013452914798,0.06726457399103139,0.06726457399103139,0.3183856502242152,0.0,0.026905829596412557,0.11210762331838565,0.15695067264573992,
17,0.665,200,4.3,0.115,0.12,0.045,0.065,0.105,0.3,0.0,0.015,0.065,0.165,
17,0.6380368098159509,163,4.282208588957055,0.08588957055214724,0.15950920245398773,0.024539877300613498,0.04294478527607362,0.12883435582822086,0.2822085889570552,0.0,0.024539877300613498,0.0736196319018405,0.17791411042944785,
17,0.5977011494252874,174,3.839080459770115,0.09195402298850575,0.06321839080459771,0.05747126436781609,0.05747126436781609,0.05172413793103448,0.28160919540229884,0.0,0.04597701149425287,0.16666666666666666,0.1839080459770115,
17,0.6351351351351351,222,4.018018018018018,0.0990990990990991,0.14414414414414414,0.013513513513513514,0.04954954954954955,0.07657657657657657,0.2972972972972973,0.0,0.02702702702702703,0.11261261261261261,0.18018018018018017,
17,0.680327868852459,122,4.073770491803279,0.09016393442622951,0.11475409836065574,0.05737704918032787,0.03278688524590164,0.1557377049180328,0.32786885245901637,0.0,0.03278688524590164,0.04918032786885246,0.13934426229508196,
17,0.6467065868263473,167,4.029940119760479,0.0718562874251497,0.07784431137724551,0.059880239520958084,0.05389221556886228,0.09580838323353294,0.281437125748503,0.0,0.029940119760479042,0.1377245508982036,0.19161676646706588,
17,0.6834532374100719,139,4.316546762589928,0.12949640287769784,0.07194244604316546,0.06474820143884892,0.02877697841726619,0.09352517985611511,0.2733812949640288,0.007194244604316547,0.014388489208633094,0.11510791366906475,0.2014388489208633,
17,0.5366876310272537,477,4.438155136268344,0.129979035639413,0.10272536687631027,0.039832285115303984,0.050314465408805034,0.07547169811320754,0.3081761006289308,0.0020964360587002098,0.018867924528301886,0.09433962264150944,0.17819706498951782,
17,0.7608695652173914,92,3.8152173913043477,0.11956521739130435,0.13043478260869565,0.043478260869565216,0.03260869565217391,0.09782608695652174,0.33695652173913043,0.0,0.021739130434782608,0.09782608695652174,0.11956521739130435,
17,0.7123287671232876,146,4.280821917808219,0.0958904109589041,0.136986301369863,0.03424657534246575,0.02054794520547945,0.11643835616438356,0.3424657534246575,0.00684931506849315,0.02054794520547945,0.0410958904109589,0.18493150684931506,
17,0.554639175257732,485,4.076288659793814,0.07422680412371134,0.07216494845360824,0.041237113402061855,0.061855670103092786,0.11134020618556702,0.2927835051546392,0.0,0.018556701030927835,0.12164948453608247,0.20618556701030927,
17,0.6722222222222223,180,4.372222222222222,0.10555555555555556,0.14444444444444443,0.044444444444444446,0.05,0.09444444444444444,0.28888888888888886,0.005555555555555556,0.016666666666666666,0.09444444444444444,0.15555555555555556,
17,0.6447368421052632,152,3.9539473684210527,0.07894736842105263,0.11842105263157894,0.06578947368421052,0.039473684210526314,0.05263157894736842,0.3618421052631579,0.0,0.013157894736842105,0.08552631578947369,0.18421052631578946,
17,0.7425742574257426,101,4.158415841584159,0.0891089108910891,0.10891089108910891,0.0297029702970297,0.0594059405940594,0.10891089108910891,0.3465346534653465,0.0,0.009900990099009901,0.07920792079207921,0.16831683168316833,
17,0.648068669527897,233,4.351931330472103,0.08583690987124463,0.09871244635193133,0.04721030042918455,0.04291845493562232,0.12017167381974249,0.27467811158798283,0.0,0.034334763948497854,0.09012875536480687,0.20600858369098712,
17,0.6690647482014388,139,4.136690647482014,0.06474820143884892,0.10071942446043165,0.05755395683453238,0.07194244604316546,0.15827338129496402,0.2589928057553957,0.0,0.007194244604316547,0.10071942446043165,0.17985611510791366,
17,0.6907216494845361,97,4.381443298969073,0.15463917525773196,0.09278350515463918,0.030927835051546393,0.05154639175257732,0.030927835051546393,0.3711340206185567,0.010309278350515464,0.041237113402061855,0.08247422680412371,0.13402061855670103,
17,0.7,110,4.054545454545455,0.03636363636363636,0.08181818181818182,0.03636363636363636,0.05454545454545454,0.10909090909090909,0.33636363636363636,0.0,0.01818181818181818,0.11818181818181818,0.20909090909090908,
17,0.7228915662650602,83,4.120481927710843,0.03614457831325301,0.12048192771084337,0.024096385542168676,0.03614457831325301,0.1686746987951807,0.3132530120481928,0.0,0.04819277108433735,0.060240963855421686,0.1927710843373494,
17,0.7050359712230215,139,3.7697841726618706,0.07194244604316546,0.10071942446043165,0.07194244604316546,0.06474820143884892,0.09352517985611511,0.20863309352517986,0.014388489208633094,0.04316546762589928,0.11510791366906475,0.2158273381294964,
17,0.7142857142857143,119,4.025210084033613,0.07563025210084033,0.11764705882352941,0.06722689075630252,0.08403361344537816,0.058823529411764705,0.2184873949579832,0.0,0.01680672268907563,0.13445378151260504,0.226890756302521,
17,0.7755102040816326,98,3.8877551020408165,0.08163265306122448,0.11224489795918367,0.061224489795918366,0.05102040816326531,0.09183673469387756,0.2857142857142857,0.02040816326530612,0.02040816326530612,0.07142857142857142,0.20408163265306123,
17,0.7741935483870968,93,3.978494623655914,0.12903225806451613,0.11827956989247312,0.07526881720430108,0.053763440860215055,0.11827956989247312,0.24731182795698925,0.0,0.021505376344086023,0.06451612903225806,0.17204301075268819,
17,0.6842105263157895,190,4.205263157894737,0.1,0.1,0.031578947368421054,0.05789473684210526,0.12105263157894737,0.30526315789473685,0.0,0.02631578947368421,0.07894736842105263,0.17894736842105263,
17,0.7153846153846154,130,4.530769230769231,0.06153846153846154,0.07692307692307693,0.08461538461538462,0.07692307692307693,0.09230769230769231,0.3,0.0,0.0,0.1,0.2076923076923077,
17,0.7241379310344828,145,3.986206896551724,0.0896551724137931,0.05517241379310345,0.08275862068965517,0.0896551724137931,0.04827586206896552,0.2896551724137931,0.006896551724137931,0.05517241379310345,0.07586206896551724,0.20689655172413793,
17,0.7299270072992701,137,4.175182481751825,0.058394160583941604,0.10948905109489052,0.072992700729927,0.043795620437956206,0.0948905109489051,0.2846715328467153,0.0072992700729927005,0.021897810218978103,0.10218978102189781,0.20437956204379562,
17,0.6666666666666666,171,4.385964912280702,0.1111111111111111,0.08187134502923976,0.023391812865497075,0.07017543859649122,0.0935672514619883,0.27485380116959063,0.0,0.04093567251461988,0.0935672514619883,0.21052631578947367,
17,0.672566371681416,226,4.18141592920354,0.12389380530973451,0.12389380530973451,0.061946902654867256,0.06637168141592921,0.0752212389380531,0.3008849557522124,0.008849557522123894,0.017699115044247787,0.07079646017699115,0.1504424778761062,
17,0.6739130434782609,184,4.451086956521739,0.08695652173913043,0.09782608695652174,0.021739130434782608,0.043478260869565216,0.09239130434782608,0.2717391304347826,0.0,0.03260869565217391,0.15217391304347827,0.20108695652173914,
17,0.6632653061224489,196,4.336734693877551,0.05102040816326531,0.09693877551020408,0.04591836734693878,0.0663265306122449,0.10204081632653061,0.25,0.0,0.030612244897959183,0.12755102040816327,0.22959183673469388,
17,0.5675675675675675,185,4.1567567567567565,0.12972972972972974,0.0918918918918919,0.02702702702702703,0.07027027027027027,0.10270270270270271,0.3081081081081081,0.0,0.021621621621621623,0.05945945945945946,0.1891891891891892,
17,0.6821705426356589,129,4.658914728682171,0.15503875968992248,0.09302325581395349,0.015503875968992248,0.03875968992248062,0.11627906976744186,0.35658914728682173,0.0,0.03875968992248062,0.05426356589147287,0.13178294573643412,
17,0.6319444444444444,144,4.097222222222222,0.09027777777777778,0.09722222222222222,0.020833333333333332,0.06944444444444445,0.11805555555555555,0.25,0.0,0.027777777777777776,0.09722222222222222,0.22916666666666666,
17,0.5411764705882353,340,4.147058823529412,0.15,0.09117647058823529,0.06470588235294118,0.06764705882352941,0.07647058823529412,0.2647058823529412,0.0,0.01764705882352941,0.07352941176470588,0.19411764705882353,
17,0.6857142857142857,140,4.021428571428571,0.08571428571428572,0.05714285714285714,0.04285714285714286,0.05,0.07142857142857142,0.29285714285714287,0.0,0.03571428571428571,0.14285714285714285,0.22142857142857142,
17,0.711864406779661,118,4.02542372881356,0.0847457627118644,0.09322033898305085,0.059322033898305086,0.06779661016949153,0.1016949152542373,0.2796610169491525,0.0,0.0,0.11016949152542373,0.2033898305084746,
17,0.7835051546391752,97,4.463917525773196,0.16494845360824742,0.1134020618556701,0.041237113402061855,0.030927835051546393,0.07216494845360824,0.3402061855670103,0.0,0.0,0.08247422680412371,0.15463917525773196,
17,0.7062937062937062,143,4.286713286713287,0.11188811188811189,0.0979020979020979,0.04195804195804196,0.06993006993006994,0.11188811188811189,0.3076923076923077,0.0,0.013986013986013986,0.055944055944055944,0.1888111888111888,
17,0.7111111111111111,135,4.266666666666667,0.11851851851851852,0.07407407407407407,0.037037037037037035,0.05185185185185185,0.1259259259259259,0.3037037037037037,0.007407407407407408,0.007407407407407408,0.1111111111111111,0.16296296296296298,
17,0.6886792452830188,106,4.169811320754717,0.12264150943396226,0.09433962264150944,0.018867924528301886,0.07547169811320754,0.05660377358490566,0.4339622641509434,0.0,0.018867924528301886,0.07547169811320754,0.10377358490566038,
17,0.7111111111111111,135,4.355555555555555,0.15555555555555556,0.06666666666666667,0.044444444444444446,0.08148148148148149,0.08148148148148149,0.25925925925925924,0.0,0.022222222222222223,0.0962962962962963,0.1925925925925926,
17,0.6793478260869565,184,4.255434782608695,0.125,0.08152173913043478,0.03804347826086957,0.06521739130434782,0.08152173913043478,0.24456521739130435,0.0,0.043478260869565216,0.14130434782608695,0.1793478260869565,
17,0.6950354609929078,141,4.198581560283688,0.0851063829787234,0.07801418439716312,0.02127659574468085,0.0851063829787234,0.07801418439716312,0.2978723404255319,0.0,0.028368794326241134,0.12056737588652482,0.20567375886524822,
17,0.7535211267605634,142,4.443661971830986,0.1267605633802817,0.08450704225352113,0.04929577464788732,0.04225352112676056,0.09859154929577464,0.3380281690140845,0.0,0.014084507042253521,0.07042253521126761,0.176056338028169,
17,0.6111111111111112,180,3.938888888888889,0.13333333333333333,0.1,0.03333333333333333,0.06666666666666667,0.06111111111111111,0.3055555555555556,0.0,0.03333333333333333,0.07777777777777778,0.18888888888888888,
17,0.671875,192,4.390625,0.09895833333333333,0.08333333333333333,0.09375,0.057291666666666664,0.0625,0.2552083333333333,0.0,0.005208333333333333,0.07291666666666667,0.2708333333333333,
17,0.7549668874172185,151,4.258278145695364,0.09933774834437085,0.10596026490066225,0.052980132450331126,0.039735099337748346,0.046357615894039736,0.304635761589404,0.0,0.026490066225165563,0.08609271523178808,0.23841059602649006,
17,0.7189189189189189,185,4.302702702702702,0.11891891891891893,0.06486486486486487,0.04864864864864865,0.03783783783783784,0.14594594594594595,0.3081081081081081,0.0,0.010810810810810811,0.07567567567567568,0.1891891891891892,
17,0.697841726618705,139,4.258992805755396,0.07913669064748201,0.10071942446043165,0.04316546762589928,0.05755395683453238,0.09352517985611511,0.2949640287769784,0.0,0.02877697841726619,0.11510791366906475,0.18705035971223022,
17,0.7606837606837606,117,4.401709401709402,0.1111111111111111,0.07692307692307693,0.042735042735042736,0.05982905982905983,0.05982905982905983,0.2905982905982906,0.0,0.03418803418803419,0.1282051282051282,0.19658119658119658,
17,0.6388888888888888,144,4.166666666666667,0.041666666666666664,0.09722222222222222,0.0625,0.027777777777777776,0.11805555555555555,0.2708333333333333,0.0,0.006944444444444444,0.11805555555555555,0.2569444444444444,
17,0.7583333333333333,120,4.233333333333333,0.075,0.125,0.08333333333333333,0.041666666666666664,0.125,0.26666666666666666,0.0,0.03333333333333333,0.05,0.2,
17,0.7289719626168224,107,4.4953271028037385,0.14953271028037382,0.102803738317757,0.056074766355140186,0.018691588785046728,0.056074766355140186,0.32710280373831774,0.0,0.028037383177570093,0.12149532710280374,0.14018691588785046,
17,0.7166666666666667,120,4.091666666666667,0.09166666666666666,0.1,0.075,0.05,0.08333333333333333,0.21666666666666667,0.0,0.025,0.10833333333333334,0.25,
17,0.631578947368421,209,4.186602870813397,0.07177033492822966,0.08133971291866028,0.05741626794258373,0.05741626794258373,0.08133971291866028,0.3062200956937799,0.0,0.023923444976076555,0.14832535885167464,0.1722488038277512,
17,0.7028985507246377,138,4.3768115942028984,0.10869565217391304,0.09420289855072464,0.036231884057971016,0.07246376811594203,0.10144927536231885,0.2898550724637681,0.0,0.007246376811594203,0.07971014492753623,0.21014492753623187,
17,0.6571428571428571,140,3.9571428571428573,0.07142857142857142,0.12142857142857143,0.02142857142857143,0.04285714285714286,0.07142857142857142,0.32142857142857145,0.0,0.014285714285714285,0.12857142857142856,0.20714285714285716,
17,0.6721311475409836,122,3.9672131147540983,0.05737704918032787,0.13934426229508196,0.01639344262295082,0.03278688524590164,0.16393442622950818,0.2786885245901639,0.0,0.02459016393442623,0.10655737704918032,0.18032786885245902,
17,0.6618705035971223,139,3.9928057553956835,0.09352517985611511,0.1366906474820144,0.03597122302158273,0.07913669064748201,0.050359712230215826,0.33093525179856115,0.0,0.014388489208633094,0.07194244604316546,0.18705035971223022,
17,0.6888888888888889,180,3.9722222222222223,0.07222222222222222,0.10555555555555556,0.03333333333333333,0.05555555555555555,0.05,0.3333333333333333,0.0,0.027777777777777776,0.14444444444444443,0.17777777777777778,
17,0.6473029045643154,241,4.385892116182573,0.07883817427385892,0.0954356846473029,0.04149377593360996,0.06224066390041494,0.12033195020746888,0.3029045643153527,0.0,0.016597510373443983,0.07883817427385892,0.2033195020746888,
17,0.610738255033557,149,4.093959731543624,0.15436241610738255,0.11409395973154363,0.026845637583892617,0.040268456375838924,0.06711409395973154,0.348993288590604,0.0,0.006711409395973154,0.087248322147651,0.15436241610738255,
17,0.6466666666666666,150,4.093333333333334,0.15333333333333332,0.08,0.05333333333333334,0.04,0.04,0.28,0.0,0.02,0.08666666666666667,0.24,
17,0.6712328767123288,146,3.9726027397260273,0.10273972602739725,0.0821917808219178,0.0547945205479452,0.06164383561643835,0.0410958904109589,0.3150684931506849,0.0,0.03424657534246575,0.1095890410958904,0.19863013698630136,
17,0.7073170731707317,123,4.146341463414634,0.10569105691056911,0.08943089430894309,0.06504065040650407,0.04065040650406504,0.06504065040650407,0.3089430894308943,0.0,0.016260162601626018,0.10569105691056911,0.2032520325203252,
17,0.6363636363636364,154,4.175324675324675,0.11688311688311688,0.08441558441558442,0.07142857142857142,0.07792207792207792,0.1038961038961039,0.2727272727272727,0.0,0.006493506493506494,0.07142857142857142,0.19480519480519481,
17,0.6979166666666666,96,4.302083333333333,0.09375,0.08333333333333333,0.125,0.052083333333333336,0.03125,0.34375,0.0,0.010416666666666666,0.0625,0.19791666666666666,
17,0.7604166666666666,96,4.416666666666667,0.08333333333333333,0.11458333333333333,0.03125,0.0625,0.09375,0.3333333333333333,0.0,0.020833333333333332,0.09375,0.16666666666666666,
17,0.6796875,128,4.203125,0.09375,0.0546875,0.0078125,0.0546875,0.1171875,0.3125,0.0,0.03125,0.1015625,0.2265625,
17,0.7094594594594594,148,4.02027027027027,0.10135135135135136,0.10135135135135136,0.02702702702702703,0.0472972972972973,0.06756756756756757,0.3310810810810811,0.0,0.02027027027027027,0.14189189189189189,0.16216216216216217,
17,0.7281553398058253,103,4.281553398058253,0.1262135922330097,0.10679611650485436,0.05825242718446602,0.02912621359223301,0.07766990291262135,0.2815533980582524,0.0,0.02912621359223301,0.0970873786407767,0.1941747572815534,
17,0.5548780487804879,164,4.140243902439025,0.07317073170731707,0.07926829268292683,0.036585365853658534,0.042682926829268296,0.07317073170731707,0.3231707317073171,0.0,0.042682926829268296,0.10975609756097561,0.21951219512195122,
17,0.6245059288537549,253,4.023715415019763,0.05928853754940711,0.11067193675889328,0.05928853754940711,0.06719367588932806,0.09486166007905138,0.2727272727272727,0.003952569169960474,0.015810276679841896,0.11067193675889328,0.20553359683794467,
17,0.7166666666666667,120,4.35,0.10833333333333334,0.1,0.03333333333333333,0.041666666666666664,0.11666666666666667,0.26666666666666666,0.0,0.025,0.125,0.18333333333333332,
17,0.7217391304347827,115,4.008695652173913,0.06956521739130435,0.06086956521739131,0.05217391304347826,0.05217391304347826,0.0782608695652174,0.28695652173913044,0.0,0.034782608695652174,0.06956521739130435,0.2956521739130435,
17,0.6646706586826348,167,4.287425149700598,0.059880239520958084,0.11377245508982035,0.017964071856287425,0.05389221556886228,0.1317365269461078,0.32934131736526945,0.0,0.005988023952095809,0.08383233532934131,0.20359281437125748,
17,0.7172413793103448,145,4.275862068965517,0.1103448275862069,0.0896551724137931,0.041379310344827586,0.06206896551724138,0.09655172413793103,0.2413793103448276,0.0,0.020689655172413793,0.14482758620689656,0.19310344827586207,
17,0.7319587628865979,97,4.175257731958763,0.09278350515463918,0.05154639175257732,0.030927835051546393,0.061855670103092786,0.09278350515463918,0.29896907216494845,0.030927835051546393,0.05154639175257732,0.1134020618556701,0.17525773195876287,
17,0.7222222222222222,144,3.986111111111111,0.13194444444444445,0.0625,0.027777777777777776,0.0625,0.09722222222222222,0.3194444444444444,0.0,0.04861111111111111,0.0625,0.1875,
17,0.7192982456140351,114,4.456140350877193,0.14035087719298245,0.09649122807017543,0.08771929824561403,0.03508771929824561,0.07894736842105263,0.2894736842105263,0.0,0.017543859649122806,0.08771929824561403,0.16666666666666666,
17,0.7565217391304347,115,4.113043478260869,0.034782608695652174,0.0782608695652174,0.06086956521739131,0.06086956521739131,0.06086956521739131,0.2956521739130435,0.0,0.034782608695652174,0.13043478260869565,0.24347826086956523,
17,0.7767857142857143,112,4.642857142857143,0.11607142857142858,0.044642857142857144,0.017857142857142856,0.08928571428571429,0.08928571428571429,0.26785714285714285,0.0,0.017857142857142856,0.08928571428571429,0.26785714285714285,
17,0.7062937062937062,143,4.3076923076923075,0.1048951048951049,0.0979020979020979,0.04195804195804196,0.06293706293706294,0.06993006993006994,0.2937062937062937,0.0,0.04195804195804196,0.1048951048951049,0.18181818181818182,
17,0.7218045112781954,133,4.466165413533835,0.10526315789473684,0.045112781954887216,0.03759398496240601,0.03759398496240601,0.06766917293233082,0.2556390977443609,0.0,0.022556390977443608,0.17293233082706766,0.2556390977443609,
17,0.6285714285714286,280,4.3428571428571425,0.060714285714285714,0.11071428571428571,0.04285714285714286,0.04642857142857143,0.09642857142857143,0.31785714285714284,0.0,0.017857142857142856,0.11428571428571428,0.19285714285714287,
17,0.7065217391304348,92,4.260869565217392,0.09782608695652174,0.08695652173913043,0.03260869565217391,0.03260869565217391,0.07608695652173914,0.29347826086956524,0.0,0.010869565217391304,0.17391304347826086,0.1956521739130435,
17,0.7171717171717171,99,4.606060606060606,0.0707070707070707,0.08080808080808081,0.020202020202020204,0.08080808080808081,0.10101010101010101,0.32323232323232326,0.0,0.030303030303030304,0.13131313131313133,0.16161616161616163,
17,0.759493670886076,79,4.6835443037974684,0.0759493670886076,0.0379746835443038,0.0379746835443038,0.13924050632911392,0.10126582278481013,0.34177215189873417,0.0,0.02531645569620253,0.0759493670886076,0.16455696202531644,
17,0.7050359712230215,139,4.388489208633094,0.07913669064748201,0.09352517985611511,0.03597122302158273,0.06474820143884892,0.08633093525179857,0.2733812949640288,0.0,0.03597122302158273,0.14388489208633093,0.18705035971223022,
17,0.7222222222222222,180,4.661111111111111,0.10555555555555556,0.1111111111111111,0.03888888888888889,0.03888888888888889,0.07777777777777778,0.37222222222222223,0.0,0.016666666666666666,0.08333333333333333,0.15555555555555556,
18,0.5146666666666667,375,4.037333333333334,0.06666666666666667,0.12533333333333332,0.037333333333333336,0.088,0.14666666666666667,0.2853333333333333,0.0,0.018666666666666668,0.048,0.184,
18,0.6725,400,4.495,0.12,0.0925,0.055,0.035,0.1475,0.275,0.0075,0.015,0.07,0.1825,
18,0.57,500,4.162,0.106,0.096,0.06,0.076,0.128,0.28,0.01,0.014,0.06,0.17,
18,0.627906976744186,301,4.335548172757475,0.08637873754152824,0.14950166112956811,0.053156146179401995,0.019933554817275746,0.11960132890365449,0.2724252491694352,0.0,0.006644518272425249,0.11960132890365449,0.17275747508305647,
18,0.5252808988764045,712,4.299157303370786,0.06882022471910113,0.15308988764044945,0.060393258426966294,0.032303370786516857,0.13764044943820225,0.23595505617977527,0.0056179775280898875,0.018258426966292134,0.09831460674157304,0.18679775280898878,
18,0.616580310880829,193,3.678756476683938,0.09844559585492228,0.10880829015544041,0.05181347150259067,0.046632124352331605,0.11917098445595854,0.23834196891191708,0.0051813471502590676,0.031088082901554404,0.09326424870466321,0.20725388601036268,
18,0.45,140,4.035714285714286,0.15714285714285714,0.05714285714285714,0.007142857142857143,0.05,0.14285714285714285,0.3357142857142857,0.0,0.007142857142857143,0.02857142857142857,0.21428571428571427,
18,0.5813397129186603,418,4.014354066985646,0.11722488038277512,0.09330143540669857,0.05741626794258373,0.05502392344497608,0.09330143540669857,0.2966507177033493,0.0,0.009569377990430622,0.08851674641148326,0.18899521531100477,
18,0.6538461538461539,104,3.9615384615384617,0.0673076923076923,0.08653846153846154,0.038461538461538464,0.11538461538461539,0.17307692307692307,0.28846153846153844,0.009615384615384616,0.038461538461538464,0.009615384615384616,0.17307692307692307,
18,0.659919028340081,247,4.2591093117408905,0.07692307692307693,0.08502024291497975,0.08502024291497975,0.048582995951417005,0.0931174089068826,0.27530364372469635,0.016194331983805668,0.02834008097165992,0.06072874493927125,0.23076923076923078,
18,0.7983870967741935,124,4.67741935483871,0.0967741935483871,0.11290322580645161,0.08870967741935484,0.03225806451612903,0.0967741935483871,0.28225806451612906,0.0,0.016129032258064516,0.0967741935483871,0.1774193548387097,
18,0.6014492753623188,552,4.519927536231884,0.1358695652173913,0.11594202898550725,0.03985507246376811,0.05615942028985507,0.10869565217391304,0.30434782608695654,0.0,0.02717391304347826,0.07065217391304347,0.14130434782608695,
18,0.6388888888888888,288,4.347222222222222,0.1909722222222222,0.09375,0.06944444444444445,0.03819444444444445,0.09375,0.2673611111111111,0.003472222222222222,0.017361111111111112,0.03819444444444445,0.1875,
18,0.6238738738738738,444,4.623873873873874,0.10810810810810811,0.12162162162162163,0.060810810810810814,0.04054054054054054,0.0945945945945946,0.3333333333333333,0.0,0.01126126126126126,0.06306306306306306,0.16441441441441443,
18,0.5256222547584187,683,4.251830161054173,0.10395314787701318,0.12298682284040996,0.060029282576866766,0.02635431918008785,0.10980966325036604,0.29282576866764276,0.004392386530014641,0.02635431918008785,0.07320644216691069,0.17862371888726208,
18,0.7706422018348624,109,4.431192660550459,0.10091743119266056,0.1743119266055046,0.045871559633027525,0.03669724770642202,0.06422018348623854,0.27522935779816515,0.009174311926605505,0.009174311926605505,0.10091743119266056,0.1834862385321101,
18,0.5763016157989228,557,4.545780969479353,0.12567324955116696,0.10951526032315978,0.05026929982046679,0.02872531418312388,0.09694793536804308,0.3105924596050269,0.00718132854578097,0.04129263913824058,0.05745062836624776,0.17235188509874327,
18,0.8053097345132744,113,4.522123893805309,0.11504424778761062,0.11504424778761062,0.04424778761061947,0.035398230088495575,0.10619469026548672,0.2920353982300885,0.0,0.008849557522123894,0.11504424778761062,0.168141592920354,
18,0.8152173913043478,92,4.532608695652174,0.06521739130434782,0.10869565217391304,0.07608695652173914,0.021739130434782608,0.18478260869565216,0.34782608695652173,0.0,0.010869565217391304,0.010869565217391304,0.17391304347826086,
18,0.8166666666666667,120,4.483333333333333,0.11666666666666667,0.13333333333333333,0.075,0.05,0.05,0.2833333333333333,0.0,0.016666666666666666,0.09166666666666666,0.175,
18,0.458,500,4.014,0.046,0.11,0.038,0.034,0.17,0.284,0.004,0.01,0.096,0.206,
18,0.6785714285714286,112,4.419642857142857,0.08035714285714286,0.14285714285714285,0.026785714285714284,0.008928571428571428,0.19642857142857142,0.2857142857142857,0.0,0.026785714285714284,0.08928571428571429,0.14285714285714285,
18,0.8,105,4.542857142857143,0.10476190476190476,0.14285714285714285,0.0761904761904762,0.02857142857142857,0.10476190476190476,0.3333333333333333,0.0,0.009523809523809525,0.05714285714285714,0.14285714285714285,
18,0.7560975609756098,123,4.349593495934959,0.17886178861788618,0.14634146341463414,0.07317073170731707,0.016260162601626018,0.13821138211382114,0.2926829268292683,0.0,0.008130081300813009,0.024390243902439025,0.12195121951219512,
18,0.7962962962962963,108,4.333333333333333,0.2037037037037037,0.1388888888888889,0.018518518518518517,0.12037037037037036,0.07407407407407407,0.3333333333333333,0.0,0.009259259259259259,0.0,0.10185185185185185,
18,0.422680412371134,194,4.005154639175258,0.10824742268041238,0.08247422680412371,0.07731958762886598,0.03608247422680412,0.09278350515463918,0.26804123711340205,0.0,0.005154639175257732,0.0979381443298969,0.23195876288659795,
18,0.7604166666666666,96,4.802083333333333,0.15625,0.10416666666666667,0.0625,0.03125,0.0625,0.3854166666666667,0.020833333333333332,0.010416666666666666,0.020833333333333332,0.14583333333333334,
18,0.6875,192,4.182291666666667,0.18229166666666666,0.08333333333333333,0.057291666666666664,0.06770833333333333,0.10416666666666667,0.3177083333333333,0.0,0.015625,0.026041666666666668,0.14583333333333334,
18,0.5263157894736842,361,4.105263157894737,0.08587257617728532,0.12188365650969529,0.0664819944598338,0.07756232686980609,0.1772853185595568,0.24653739612188366,0.008310249307479225,0.013850415512465374,0.04986149584487535,0.1523545706371191,
18,0.6239316239316239,351,4.361823361823362,0.11965811965811966,0.12535612535612536,0.017094017094017096,0.06267806267806268,0.1396011396011396,0.2792022792022792,0.002849002849002849,0.02849002849002849,0.04843304843304843,0.17663817663817663,
18,0.6956521739130435,184,4.5,0.11413043478260869,0.1358695652173913,0.06521739130434782,0.07608695652173914,0.14673913043478262,0.2608695652173913,0.0,0.0,0.059782608695652176,0.14130434782608695,
18,0.5273010920436817,641,4.336973478939157,0.11232449297971919,0.12480499219968799,0.0499219968798752,0.06708268330733229,0.1419656786271451,0.26521060842433697,0.0078003120124804995,0.029641185647425898,0.0530421216848674,0.14664586583463338,
18,0.664,250,4.388,0.076,0.096,0.1,0.036,0.14,0.244,0.0,0.016,0.072,0.22,
18,0.6268041237113402,485,4.354639175257732,0.12371134020618557,0.1402061855670103,0.030927835051546393,0.06597938144329897,0.12783505154639174,0.30103092783505153,0.006185567010309278,0.012371134020618556,0.04536082474226804,0.1463917525773196,
17,1.0,11,3.909090909090909,0.09090909090909091,0.18181818181818182,0.0,0.0,0.09090909090909091,0.45454545454545453,0.09090909090909091,0.0,0.0,0.09090909090909091,
17,0.9375,16,3.875,0.125,0.125,0.0625,0.0,0.1875,0.1875,0.0625,0.0,0.0625,0.1875,
17,1.0,8,3.875,0.125,0.0,0.25,0.0,0.0,0.25,0.0,0.125,0.125,0.125,
17,0.9166666666666666,12,4.916666666666667,0.0,0.16666666666666666,0.0,0.0,0.25,0.3333333333333333,0.0,0.0,0.08333333333333333,0.16666666666666666,
17,1.0,11,3.727272727272727,0.2727272727272727,0.18181818181818182,0.09090909090909091,0.0,0.09090909090909091,0.18181818181818182,0.0,0.0,0.0,0.18181818181818182,
17,1.0,7,4.857142857142857,0.0,0.0,0.0,0.0,0.0,0.7142857142857143,0.0,0.0,0.0,0.2857142857142857,
17,1.0,10,5.3,0.1,0.0,0.0,0.1,0.2,0.4,0.0,0.0,0.0,0.2,
17,1.0,8,4.625,0.125,0.0,0.125,0.0,0.125,0.125,0.0,0.0,0.125,0.375,
17,1.0,10,4.1,0.0,0.1,0.0,0.0,0.3,0.4,0.0,0.0,0.1,0.1,
17,1.0,10,4.2,0.1,0.2,0.0,0.0,0.0,0.4,0.0,0.0,0.1,0.2,
